id,classe,darija_arabic,darija_arabizi,english,modern_standard_arabic,sonde
DATA_4012,A,بصراحة، استخدام التومة ما كاينسبش شي حد بحالي!,"bssara7a, s-tikhdam t-touma makaynasbch chi 7ed b7ali!","Honestly, using the garlic doesn't suit anyone like me!",بصراحة، استخدام الثوم لا يناسب أحدًا مثلي!,classe_A
DATA_6563,A,القهوة كانت قاسحة ومجهدة,l9ehwa kant 9as7a ou mjehda,The coffee was strong and intense,كانت القهوة قوية ومركزة	,classe_A
DATA_1203,A,و كي كاتحسّي؟,o ki kat7essi?,How are you feeling?,كيف تشعر؟,classe_A
DATA_9977,A,كان كيسحاب ليا غادي يسلفني دوك الفلوس لي باغي,kan kis7ab liya ghadi ysellefni douk lflouss li baghi,I thought he was going to lend me that money I want.,كنت أعتقد أنه سيقرضني تلك الأموال التي أريدها.,classe_A
DATA_8424,A,راه سابق لينا كارين هاد الدار,rah sabe9 lina karin had dar,We have rented this house before,لقد سبق لنا استئجار هذه الدار,classe_A
DATA_3888,A,واحد المرة نسيت منسد الباب,wa7ad lmra nsit mnsad lbab,One time I forgot to close the door.,في مرة نسيت أن أغلق الباب.,classe_A
DATA_3590,A,واش نقد ليك شوكولاط سخون؟,wach n9ad lik choklat skhon?,Can I offer you hot chocolate?,هل يمكنني أن أقدم لك شوكولاتة ساخنة؟,classe_A
DATA_10845,A,تعطلتي بزاف باش تبدل تليفون.,t3etli bezzaf bach tbedel telephone.,You take a long time to change your phone.,أخذت وقتًا طويلاً لتغيير هاتفك.,classe_A
DATA_5513,A,كان لابس صبّاط ديال الطلون,kan labs SebbaT dyl ttaloun,He was wearing high-heeled shoes,كان يرتدي حذاءً ذا كعب عالٍ,classe_A
DATA_4034,A,مورا شوية ديال المشروبات، من المحتمل يكونو جاهزين للكاراوكي,"mora chwiya dyal lmachrobat, mn lmo7tamal ykono jahzin l karaoke","After a little bit of drinks, they are likely to be ready for karaoke.",بعد قليل من المشروبات، من المحتمل أن يكونوا جاهزين للكاريوكي.,classe_A
DATA_4374,A,غدا إمكان ليا نسوڭ بيك للخدمة,ghda imkan liya nsog bik lkhdma,Tomorrow I can drive you to work,غداً يمكنني أن أقلك إلى العمل,classe_A
DATA_0792,A,سمح ليا، كنظن عندي نمرة غلط,"sm7 lia, kanzhnn 3ndi nmra ghalaT","Sorry, I think I have the wrong number.",عذرًا، أعتقد أن لدي رقمًا خاطئًا.,classe_A
DATA_0576,A,"حاجة خرا, واش شفتي, شمش راه رجعات!","7aja khra, wach chfti, chmch rah rj3at!","Something else, did you see, the sun has returned!",شيء آخر، هل رأيت، الشمس قد عادت!,classe_A
DATA_4408,A,قلب على سبب واجيه لشي زردة بين زملاء، بلانها، و عياط عليه,"9llb 3la sbab wajih lchi zrda bin zomala2, blaniha, o 3yaT 3lih","He looked for a good reason for a feast among colleagues, planned it, and called him",بحث عن سبب وجيه لإقامة مأدبة بين الزملاء، خطط لها، واستدعه,classe_A
DATA_10991,A,تعطلي بزّاف باش بلّغ عليه لبوليس,t3etli bezzaf bach bllegh 3lih lbouliss,You take a long time to report him to the police.,تأخذ وقتًا طويلاً للإبلاغ عنه للشرطة.,classe_A
DATA_12149,A,عمرك تحاول تستوعب هاد الدرس,3emrek t 7awel tstow3eb had derss,never try to understand this lesson,لا تحاول أبداً استيعاب هذا الدرس,classe_A
DATA_6397,A,مكاين ما حسن من كاس ديال البيرة ف الصيف,makayn ma7ssen mn kass dial lbira fsayf,There's nothing better than a glass of beer in summer.,لا يوجد ما هو أفضل من كأس من البيرة في الصيف.,classe_A
DATA_7749,A,و ديري عليهم شي عكيسان زيت,u diri 3lihom chi 3kisan zit,And put some oil on them.,وضعي عليهم بعض الزيت.,classe_A
DATA_1796,A,يمكنك تحط المونتو في العلاقة تما.,imkank t7at lmonto fl3la9 tma.,You can put the coat on the hanger there.,يمكنك وضع المعطف في المشجب هناك.,classe_A
DATA_4970,A,عندي بشرة مختلطة,3ndi lbechra mokhtaliTa,I have combination skin.,لدي بشرة مختلطة.,classe_A
DATA_16206,B,الرئيس ڭرانت: عمري ما درتها. شفت من بعد هاد المحاكمات تلميحات من داك النوع فالجورنالات، ولكن عمري ما شفتها قبل.,"ar-rayyis grant: 3omri ma dert-ha. shuft men ba3d had l-m7akamat t-lmi7at men dak n-nou3 fel-jourlanat, walakin 3omri ma shuftha qbel.","President Grant: I never did that. I saw hints of that kind in the newspapers after these trials, but I never saw them before.",الرئيس غرانت: لم أفعل ذلك أبداً. رأيت بعد هذه المحاكمات تلميحات من هذا النوع في الصحف، لكنني لم أرها من قبل.,classe_B
DATA_13848,B,من بعد دخل البركان فواحد المرحلة ديال ثورات كثر ولكن أقل حدة، حتى الثورة البلينية الأخيرة اللي خرّبات بومباي.,"men b3d dkhel l-borkan f wa7ed l-mer7ala dyal thowrat kther walakin aqal 7idda, 7tta t-thowra l-bliniya l-akhira li kherrbat bumbay.","After that, the volcano entered a phase of more frequent but less intense eruptions, even the last volcanic eruption that destroyed Pompeii.",بعد ذلك، دخل البركان في مرحلة من الثورات الأكثر تكرارًا ولكن أقل حدة، حتى الثورة البركانية الأخيرة التي دمرت بومباي.,classe_B
DATA_14483,B,"آمي واترمان، المديرة التنفيذية ديال واحد المشروع باش يصلحو ويعاودو يجددو كنيس الدريدج ستريت، أشارت في ""ذا فوروارد"":","Ami Waterman, al-mudira tanfidiya dyal wahed lmachrou3 bach yssl7u w y3awdu yjeddu knis Dreej Street, 2ashart fi ""The Forward"":","Ami Waterman, the executive director of a project to renovate and renew the Dreej Street synagogue, stated in ""The Forward"":","آمي واترمان، المديرة التنفيذية لمشروع لتجديد كنيسة شارع دريدج، أشارت في ""ذا فوروارد"":",classe_B
DATA_16215,B,"وودورد، سي. ڤان (أبريل 1957). ""أدنى حضيض"". أميريكان هيريتج. تم الاسترجاع في 24 فبراير 2010.","Woodward, C. Vann (Abril 1957). ""Adna 7adid"". American Heritage. Temm l-istirja3 fi 24 Febrayr 2010.","Woodward, C. Vann (April 1957). ""Lowest Point"". American Heritage. Retrieved on February 24, 2010.","وودورد، سي. ڤان (أبريل 1957). ""أدنى حضيض"". التراث الأمريكي. تم الاسترجاع في 24 فبراير 2010.",classe_B
DATA_13511,B,"دم الأجداد (1992) (باسم ""إدموند مكوي"". نشر من بعد تحت سميتو الأصلية فـ 2004).","ddam l'ajdad (1992) (bessm ""Edmund McCoy"". Ncher mn b3d t7t smitu l'asliya f 2004).","Blood of the Ancestors (1992) (by ""Edmund McCoy"". Later published under its original name in 2004).","دم الأجداد (1992) (باسم ""إدموند مكوي"". نُشر لاحقًا تحت اسمه الأصلي في 2004).",classe_B
DATA_16919,B,فـ 1989، الملحن الأمريكي هنري مانسيني والأوركسترا الملكية الفيلهارمونية سجلو نسخة أوركسترالية ديال الأغنية.,"f 1989, lmula7in l-2ameriki henri mansini w l'orkestra lmalakiya lfilharmuniya sejlo nus5a orkestraliya dyal l-oghniya.","In 1989, the American composer Henry Mancini and the Royal Philharmonic Orchestra recorded an orchestral version of the song.",في عام 1989، سجل الملحن الأمريكي هنري مانسيني والأوركسترا الملكية الفيلهارمونية نسخة أوركسترالية من الأغنية.,classe_B
DATA_13711,B,الشجرة التطورية ديال ديبلودوسيداي من بعد تشوب، ماتيوس، وبنسون (2015) كتبين بلي آ. ألتوس برا ديبلودوسيناي,"ashajara tattatouriya dyal Diplodocidae mn b3d Tschopp, Mateus, w Benson (2015) katbayyen balli A. altus barra Diplodocinae.","The evolutionary tree of Diplodocidae after Tschopp, Mateus, and Benson (2015) shows that A. altus is outside Diplodocinae.",الشجرة التطورية لعائلة Diplodocidae بعد Tschopp وMateus وBenson (2015) تُظهر أن A. altus خارج Diplodocinae.,classe_B
DATA_22833,B,أربعة اللاعبين الوحيدين اللي وصلوا لنص النهاية أو أحسن فكل الدورات التسعة ديال ماسترز على الأقل مرة.,Arb3at lla3abin lwa7idin lli wsslu l ness n-nihaya ou a7ssan f kull d-dourat ttis3a dyal Masters 3la l-aql mrra.,Four unique players who reached the semifinals or better in all nine Masters tournaments at least once.,أربعة لاعبين فريدين وصلوا إلى نصف النهائي أو أفضل في جميع الدورات التسع للماسترز على الأقل مرة واحدة.,classe_B
DATA_24562,B,كنبلع دموعي وكنوافق على الاقتراح باش نقبلو الإعلان ديال الحلفاء على الأساس اللي دار وزير الخارجية.,kanbla3 dmou3i o kanwafq 3la l-iqtirah bash nqblo l-i3lan dyal l-hulafa2 3la l-asas lli dar wazir l-kharijiya.,I swallow my tears and agree to the proposal so that we accept the allies' announcement based on what the foreign minister established.,أبتلع دموعي وأوافق على الاقتراح لكي نقبل إعلان الحلفاء على الأساس الذي وضعه وزير الخارجية.,classe_B
DATA_21808,B,"أندري كريستوف بوكو (تزاد ف 10 أكتوبر 1984) هو كوايري محترف كيلعب وسط ف فرقة ""داغنهام أند ريدبريدج"" اللي كاينة ف ليغ تو.","Andre Christophe Bouko (tzad f 10 octobre 1984) houwa kouayri mouhtarif kayl3ab wasst f ferqa ""Dagenham and Redbridge"" li kayna f League Two.","Andre Christophe Bouko (born on October 10, 1984) is a professional player who plays as a midfielder for the team ""Dagenham and Redbridge"" which is in League Two.","أندري كريستوفر بوكو (ولد في 10 أكتوبر 1984) هو لاعب محترف يلعب في مركز الوسط في فريق ""داغنهام أند ريدبريدج"" الذي يلعب في الدوري الثاني.",classe_B
DATA_16006,B,"ويك أب ميسر ويست"" و ""هيرد إم ساي"" بجوج فيهم مقتطفات من ""ساموان دات آي يوزد تو لوف"" كيف غناتها ناتالي كول.","""Wake Up Mr. West"" w ""Heard Em Say"" bjouj fihoum muqtatafat men ""Someone That I Used to Love"" kif ghannatha Natalie Cole.","""Wake Up Mr. West"" and ""Heard Em Say"" both contain excerpts from ""Someone That I Used to Love"" as sung by Natalie Cole.","""Wake Up Mr. West"" و ""Heard Em Say"" يحتويان على مقتطفات من ""Someone That I Used to Love"" كما غنتها ناتالي كول.",classe_B
DATA_15727,B,بتري، شارل. (1974) الملك شارل، الأمير روبرت، و الحرب الأهلية: من الرسائل الأصلية. لندن: روتليدج و كيغان بول.,"Bitri, Sharl. (1974) l-Malik Sharl, l-Amir Robert, w-l-Harb l-ahliya: Min r-rasa2il l-Assliya. London: Routledge wa Kegan Paul.","Bitri, Charles. (1974) King Charles, Prince Robert, and the Civil War: From the Original Letters. London: Routledge and Kegan Paul.",بتري، شارل. (1974) الملك شارل، الأمير روبرت، والحرب الأهلية: من الرسائل الأصلية. لندن: روتليدج وكيغان بول.,classe_B
DATA_19951,B,إف سي يو رون دوڭنز باص ديال 14 يارد من عند كريس واينكي (باص ديال بيتر واريك من عند كريس واينكي) 12:59 إف سي يو 36 ڤي تي 29,FSU Roundowns pass dyal 14 yards mn 3nd Chris Weinke (pass dyal Peter Warrick mn 3nd Chris Weinke) 12:59 FSU 36 VT 29,FSU Rounddowns pass of 14 yards from Chris Weinke (pass of Peter Warrick from Chris Weinke) 12:59 FSU 36 VT 29,FSU تمريرة رونداونز لمسافة 14 ياردة من كريس واينكي (تمريره بيتر واريك من كريس واينكي) 12:59 FSU 36 VT 29,classe_B
DATA_24578,B,أدفنتشر غيمرز: واو ميتر - المرتبة الثانية (غشت - أكتوبر 2012)، لمرتبة تّالتة (نونبر 2012 - أبريل 2013),"Adventure Gamers: waow meter - lmartaba ttanya (ghusht - oktober 2012), lmartaba ttalta (nowenber 2012 - abril 2013)","Adventure Gamers: Wow Meter - Second Place (August - October 2012), Third Place (November 2012 - April 2013)",مغامرات اللاعبين: مقياس واو - المرتبة الثانية (أغسطس - أكتوبر 2012)، المرتبة الثالثة (نوفمبر 2012 - أبريل 2013),classe_B
DATA_18720,B,أغلب اللهجات ديال الإنجليزية كيتشاركوا فنفس 24 صوت صامت. اللائحة ديال الأصوات الصامتة اللي كتشوف لتحت صحيحة بالنسبة للهجة الأمريكية الكاليفورنية، و الـ 	آر بي.,"aglab l-lahjat dyal l-2inglizya kaytcharkou f nfs 24 sawt samet. l-la2iha dyal l-asswat ssameta li katchouf lte7t ss7i7a bnnisba l-lahja l2amirikya lkaliforniya, w l-RP.",Most English dialects share the same 24 consonant sounds. The list of consonant sounds you see below is accurate for the Californian American accent and RP.,تشترك معظم اللهجات الإنجليزية في نفس 24 صوتًا ساكنًا. القائمة بالأصوات الساكنة التي تراها أدناه صحيحة بالنسبة للهجة الأمريكية الكاليفورنية واللهجة البريطانية.,classe_B
DATA_22244,B,إيد بون قال باللي باغي يدير لعبة كروس أوفر بين مورتال كومبات و كيلر إنستينكت ديال إكس بوكس وان.,id bon qal b-lli baghi idir l3bat cross-over bin mortal kombat u killer instinct dyal Xbox One.,Ed Boon said that he wants to create a crossover game between Mortal Kombat and Killer Instinct for Xbox One.,إد بون قال إنه يرغب في إنشاء لعبة كروس أوفر بين مورتال كومبات وكيلر إنستينكت لجهاز إكس بوكس ون.,classe_B
DATA_22106,B,ميدالية تعطات للعسكر والبحرية والموظفين المدنيين اللي شاركو فعمليات حرب الباراغواي (1870).,midalia t3Tat l3skar w lba7ria w lmuwazhafin lmadaniyin li sharku f3amaliyat 7arb lbaraguay (1870).,"A medal was awarded to the military, the navy, and the civilian employees who participated in the Paraguay War (1870).",مُكافَأة مُنِحَت للعسكريين والبحريين والموظفين المدنيين الذين شاركوا في عمليات حرب باراغواي (1870).,classe_B
DATA_16740,B,الطائر الشمالي هو الطائر الرسمي ديال ولاية أركنساس وفلوريدا وميسيسيبي وتينيسي وتكساس، وكان شحال هادي الطائر الرسمي ديال ولاية كارولينا الجنوبية.,"Ta2ir sh-shmali huwa Ta2ir rrasmi dyal wilayat arkansas w florida w mississippi w tennese w texas, w kan shhal hadi Ta2ir rrasmi dyal wilayat carolina  l-janubiya.","The northern mockingbird is the official bird of Arkansas, Florida, Mississippi, Tennessee, and Texas, and it was previously the official bird of South Carolina.",الطائر الشمالي هو الطائر الرسمي لولايات أركنساس وفلوريدا وميسيسيبي وتينيسي وتكساس، وكان سابقًا الطائر الرسمي لولاية كارولينا الجنوبية.,classe_B
DATA_15751,B,من بعد داك الشهر، رينغو و الفرقة ديالو علنوا على واحد الجولة ديال الصيف فميريكان. التحضيرات كاملة غتبدا فشهر ستة فسراكوز.,"men b3d dak ch-her, ringo w l-ferqa dyalo 3lnu 3la wa7ed lj-jawla dyal s-sif f mirikan. t-te7ddirat kamla ghetbda f ch-her setta f sirakoz.","After that month, Ringo and his band announced a summer tour in America. Preparations will start in June in Syracuse.",بعد ذلك الشهر، أعلن رينغو وفرقته عن جولة صيفية في أمريكا. ستبدأ التحضيرات في شهر يونيو في سيراكيوز.,classe_B
DATA_20003,B,"وزاد قال: ""الله سبحانه خاصو يشرح ليا شنو واقع ليا فحياتي.""","wzad qal: ""llah sb7ano khaso yshra7 liya shno waqe3 liya f 7yati.""","And he said: ""God Almighty needs to explain to me what is happening in my life.""","وزاد قال: ""الله سبحانه وتعالى يحتاج أن يشرح لي ما يحدث في حياتي.""",classe_B
WIKI_C_08867,C,"الزيت اللي تكب بقى غادي حتى ل 15 يوليوز فاش سدوه بواحد الكاب. دارو بياضرة وحدة خرا باش يسدّو البير بالمرة، و قالو باللي راه ""ميت بصح"" نهار 19 شتنبر 2010.","zzit li tkeb b9a ghadi 7ta l 15 yulyuz fash seddoh b wa7d lkap. daro biyadra wa7da khra bash yeseddo lbir blmara, w 9alo belli rah ""mit bssa7"" nhar 19 chutanber 2010.","The oil that was poured remained there until July 15 when they sealed it with a cap. They put another white thing to seal the well completely, and they said that it was ""really dead"" on September 19, 2010.","الزيت الذي تم صبه بقي هناك حتى 15 يوليوز عندما أغلقوه بغطاء. وضعوا شيئاً أبيض آخر لسد البئر تماماً، وقالوا إنه ""ميت فعلاً"" في 19 شتنبر 2010.",classe_C
WIKI_C_02232,C,ما تلقا حتى شي سمية ديال شي بلاصة ديال الشماليين ف شمال سكتلاندا جنوب بيولي و تا دابا ما كاين حتى شي أثر ديال شي نشاط ديالهم ف شمال غرب ديال داك البلاصة.,ma telqa 7tta shi smiya dyal shi blaça dyal shshmaliyin f shmal skotlanda janub beuley w ta daba ma kayen 7tta shi athar dyal shi nashaT dyalhom f shamal gherb dyal dak lblaça.,"There is no name of any place related to the northerners in northern Scotland south of Beuly, and until now there is no trace of any of their activities in the northwest of that area.",لا توجد أي اسم لمكان يتعلق بالشماليين في شمال اسكتلندا جنوب بيولي، وحتى الآن لا يوجد أي أثر لنشاطاتهم في شمال غرب تلك المنطقة.,classe_C
WIKI_C_08870,C,إيلا كانت العبارة و كتشير لشي متغير فواحد النطاق محلي ولا نطاق د الأسماء، ولا متغير عضو ساكن، ولا بارامتر د شي فونكسيو، إذن النتيجة هي النوع المعلن ديال داك المتغير ولا البارامتر.,"ila kanet l3ibara e ktchire lshi mutaghayir fwa7ed neTa9 ma7ali wla neTa9 d l-asma2, wla mutaghayir 3eddw sakin, wla parameter d shi fonction, idhen n-natija hiya nnou3 mu3len dyal dak lmutaghayir wla lparameter.","If the expression e refers to a variable in a local scope or a namespace, or a member variable, or a parameter of a function, then the result is the declared type of that variable or parameter.",إذا كانت العبارة e تشير إلى متغير في نطاق محلي أو نطاق الأسماء، أو متغير عضو، أو بارامتر لدالة، فإن النتيجة هي النوع المعلن لذلك المتغير أو البارامتر.,classe_C
WIKI_C_01910,C,مع الواحدة د الصباح ف تلاتة و عشرين مارس، أوربشيس و ريبنتروب سينياو واحد المعاهدة، لي خدامة من جوج و عشرين مارس، كاتقول بلي ليتوانيا كاتحول طوعيا منطقة كلايبيدا لألمانيا. المعاهدة فيها خمسة د الفصول:,"ma3 lwa7da d sba7 f tlata w 3eshrin Mars, Urbshys w Ribbentrop sinaw wa7d lmo3ahada, li khadama men joj w 3eshrin Mars, kat9ol bli Lithuania kat7awel taw3iyan minta9at Klaipeda l'Almaanya. Lmo3ahada fiha khamsa d lfussul:","At one o'clock in the morning on March 23, Urbsys and Ribbentrop signed a treaty, effective from March 22, stating that Lithuania would voluntarily transfer the Klaipeda region to Germany. The treaty contains five chapters:",في الساعة الواحدة صباحًا في الثالث والعشرين من مارس، وقع أوربشيس وريبنتروب معاهدة، سارية المفعول اعتبارًا من الثاني والعشرين من مارس، تنص على أن ليتوانيا ستنقل طواعية منطقة كلايبيدا إلى ألمانيا. تحتوي المعاهدة على خمسة فصول:,classe_C
WIKI_C_04457,C,جوج سربات ديال السيوف (أ و ب) — كل وحدة فيهم فيها تلاتة ديال الفصايل ديال الدبابات، المجموع 14 لدبابة إم 1 إي 1 أبرامز (جوج تابعين للقيادة ديال السرب وكل فصيل كيدور باربعة دبابات)؛,"juj serbat dyal essyuf (a w b) — kul w7da fihum fiha tlata dyal lfassa2el dyal dababat, lmajmu3 14 ldababa M1A1 Abrams (juj tab3in lleqyada dyal esserb w kul fssil kydur b2arba3at dababat);","Two squadrons of tanks (A and B) — each one has three platoons of tanks, totaling 14 M1A1 Abrams tanks (two are under the command of the squadron and each platoon operates with four tanks);",سربتان من الدبابات (أ و ب) — كل واحدة منهما تحتوي على ثلاثة فصائل من الدبابات، بإجمالي 14 دبابة إم 1 إي 1 أبرامز (اثنتان تابعتان للقيادة الخاصة بالسرب وكل فصيل يعمل بأربعة دبابات)؛,classe_C
WIKI_C_11815,C,"على خدمتو على الحلقة، المصمم السابق ديال الشخصيات ريستينو ربح جائزة إيمي على ""إنجاز فردي متميز في الرسوم المتحركة"" على التصميم ديال الشخصيات، وهاد الشي خلاها أول جائزة إيمي كتاخدها السلسلة.","3la khdemto 3la l7al9a, lmussamem ssabi9 dyal shakhseyat ristino rbe7 ja2izat emmy 3la ""injaz fardi mutameyez f l-rusum l-muta7arrika"" 3la tasmim dyal shakhseyat, w hadchi khellaha awal ja2iza emmy katakhudha ssilsila.","For his work on the episode, the former character designer of Ristaino won an Emmy Award for ""Outstanding Individual Achievement in Animation"" for character design, making it the first Emmy Award the series has received.","من أجل عمله في الحلقة، فاز مصمم الشخصيات السابق لريستينو بجائزة إيمي عن ""إنجاز فردي متميز في الرسوم المتحركة"" عن تصميم الشخصيات، مما جعلها أول جائزة إيمي تحصل عليها السلسلة.",classe_C
WIKI_C_08828,C,كولين فيرث خدا أوسكار أحسن ممثل على قبل الدور ديالو ديال جورج السادس في فيلم خطاب الملك، واحد الفيلم ديال 2010 اللي خدا أوسكار أحسن فيلم.,"kolin firth khda oskar a7sen mumathil 3la qbel ddor dialo dial jorj s-sadis fi film khitab lmalik, wa7d l-film dial 2010 lli khda oskar a7sen film.","Colin Firth won the Oscar for Best Actor for his role as George VI in the film The King's Speech, a film from 2010 that also won the Oscar for Best Film.",حصل كولين فيرث على جائزة الأوسكار لأفضل ممثل عن دوره كجورج السادس في فيلم خطاب الملك، وهو فيلم من عام 2010 الذي حصل أيضًا على جائزة الأوسكار لأفضل فيلم.,classe_C
WIKI_C_04898,C,ماك كامبريدج، مايكل (2009). موسوعة إي إس بي إن ديال كورة ديال الجامعات: التاريخ الكامل ديال اللعبة. نيويورك: كتب إي إس بي إن، إنك. رقم الكتاب المعياري الدولي 1-4013-3703-1.,"mac cambridge, michael (2009). mosso3et espn dyal kora dyal ljam3at: t-tari5 l-kamel dyal l-lu3ba. new york: kutub espn, inc. isbn 1-4013-3703-1.","Mac Cambridge, Michael (2009). ESPN Encyclopedia of College Football: The Complete History of the Game. New York: ESPN Books, Inc. ISBN 1-4013-3703-1.",ماك كامبريدج، مايكل (2009). موسوعة إي إس بي إن لكرة القدم الجامعية: التاريخ الكامل للعبة. نيويورك: كتب إي إس بي إن، إنك. رقم الكتاب المعياري الدولي 1-4013-3703-1.,classe_C
WIKI_C_12120,C,العيقة الإيرلندية عندها بزاف ديال الخصائص الصوتية المشتركة مع أقرب اللغات ليها، بحال السكوتلندية الغالية والمانكسية، وحتى مع الإنجليزية المهجنة لي هي أقرب لغة ليها.,"l3iqa l-irlandiya 3andha bzaf dyal lkhsa2iss s-sotiya l-moshtarika m3a aqrab lloghat liha, b7al s-skotlandiya lghaliya w lmanksiya, w 7ta m3a l'ingliziya lmohajana li hiya aqrab logha liha.","The Irish accent has many phonetic features in common with its closest languages, such as Scottish Gaelic and Manx, and even with the hybrid English, which is its closest language.",اللهجة الإيرلندية تحتوي على العديد من الخصائص الصوتية المشتركة مع أقرب اللغات إليها، مثل الغيلية الاسكتلندية والمانكسية، وحتى مع الإنجليزية المهجنة، التي تعتبر أقرب لغة إليها.,classe_C
WIKI_C_04805,C,الداخل ديال الأوطيل كامل راه ديال سان ريجيس اللي فمانهاتن بصّح. والعروض ديال الموضة تصوّرو فواحد البلاطو ديال التسجيل فكوينز. وحتى الأوطيل ديال كريستيان راه هو دابليو اللي فتايمز سكوير.,d-da5el dyal l-otel kamel rah dyal san rigis li f manhatan bssah. w l3uroud dyal lmoda tsawro f wahed lplato dyal t-tasljil f queens. w 7ta l-otel dyal christian rah howa W li f times square.,The entire hotel is indeed the St. Regis in Manhattan. The fashion shows were filmed on a recording set in Queens. Even the Christian hotel is the W in Times Square.,الفندق بالكامل هو سان ريجيس في مانهاتن. تم تصوير عروض الأزياء في استوديو تسجيل في كوينز. حتى فندق كريستيان هو W في تايمز سكوير.,classe_C
WIKI_C_04262,C,الكلمات كاملين كتبهم سيوكسي سيو، إلا شي وحدين قلال، والمزيكا كاملة ديال سيوكسي أند ذي بانشيز (سيو، ستيڤن سيڤيرين، جون مكاي، كيني موريس)، إلا شي وحدين قلال.,"lkalimat kamlin ktebhom siouxi siou, illa chi w7din qlal, wlmzika kamla dial siouxi and d banshiz (siou, stiven siverin, jon mkay, kini morris), illa chi w7din qlal.","All the words are written by Siouxi Siou, except for a few, and the music is entirely by Siouxi and the Bunchies (Siou, Steven Severin, John McKay, Kenny Morris), except for a few.",جميع الكلمات كتبها سيوكسي سيو، باستثناء عدد قليل، والموسيقى بالكامل من سيوكسي وذا بانشيز (سيو، ستيفن سيفيرين، جون مكاي، كيني موريس)، باستثناء عدد قليل.,classe_C
WIKI_C_12234,C,"ف 2000 تحلّ الميموريال ديال مقبرة كاطين ديال الحرب في روسيا. قبل هادشي كانت ف لبلاصة واحد المونيمو فيه تكريس مزيَّف ل ""ضحايا ديال الحرب"".","f 2000 t7ell l memorial dial maqbert kaTyn dial l 7arb f roussia. qbel hadchi kanet f lblassa wa7ed l monument fih takris mzyeff ""l-dda7aya dial l 7arb"".","In 2000, the memorial of the Katyn war cemetery in Russia was inaugurated. Before that, there was a monument in the place that falsely commemorated the ""victims of the war"".","في عام 2000، تم افتتاح النصب التذكاري لمقبرة كاتين للحرب في روسيا. قبل ذلك، كان هناك نصب تذكاري في المكان يكرّس بشكل مزيف ""ضحايا الحرب"".",classe_C
WIKI_C_00773,C,من جهة أخرى، فاش n عدد صحيح، الأس x^n كيكون عندو معنى لجميع القيم ديال x، حتى السلبية. هادشي يقدر  يخلي التعريف ديال 0 n = ,"men jiha okhra, fash n 3adad s7i7, l-2uss x^n kaykon 3ando ma3na l-jmi3 l-9iyam dyal x, 7tta ssilbiya. Hadchi y2dar ykheli ta3rif dyal 0^n =","On the other hand, when n is an integer, the expression x^n has meaning for all values of x, including negative ones. This can lead to the definition of 0^n =",من جهة أخرى، عندما يكون n عددًا صحيحًا، فإن التعبير x^n له معنى لجميع قيم x، بما في ذلك القيم السلبية. يمكن أن يؤدي ذلك إلى تعريف 0 ^n =,classe_C
WIKI_C_01619,C,من ديك ساعة، نايت دايف ستوديوز خداو لحقوق ديال سيستم شوك و خرجو نسخة مطورة ديال لعبة ف شهر تسعود 2015. و كيك قالو بلي خداو لحقوق كاملة ديال السلسلة من ديك الساعة.,"mn dik sa3a, Night Dive Studios khdaw l7o9o9 dyal System Shock w khrejjo noskha mttwra dyal l-lu3ba f chhr ts3oud 2015. w Kick 9alo blli khdaw l7o9o9 kamla dyal ssilsila mn dik sa3a.","Since then, Night Dive Studios acquired the rights to System Shock and released an enhanced version of the game in September 2015. Kick stated that they acquired the full rights to the series since then.",منذ ذلك الحين، حصلت استوديوهات نايت دايف على حقوق لعبة System Shock وأصدرت نسخة مطورة من اللعبة في شهر سبتمبر 2015. وقالت كيك إنها حصلت على الحقوق الكاملة للسلسلة منذ ذلك الحين.,classe_C
WIKI_C_04554,C,"ف 2015، ""هارت بريك هوتيل"" تسمات نمرة 2 ديال لأغاني ديال الروك ف كتاب سميتو ""توب 500 سونغز أوف ذا روك إيرا: 1955-2015"".","f 2015, ""Heartbreak Hotel"" tsmmat nemra 2 dyal l'aghani dyal rock f ktab smito ""Top 500 Songs of the Rock Era: 1955-2015"".","In 2015, ""Heartbreak Hotel"" was ranked number 2 among rock songs in a book titled ""Top 500 Songs of the Rock Era: 1955-2015"".","في عام 2015، تم تصنيف ""Heartbreak Hotel"" في المرتبة الثانية بين أغاني الروك في كتاب بعنوان ""أفضل 500 أغاني من عصر الروك: 1955-2015"".",classe_C
WIKI_C_04410,C,واحد الدراسة داروها ف 2011 ديال ووك سكور رتبو أوماها رقم 21 ف المدن اللي تقدر تمشى فيها على رجليك من بين خمسين مدينة كبيرة ف ميريكان. وكاين واحد السيستيم ديال الطرقان طويل بزاف ف المدينة كاملة ديال الناس اللي كيمشيو على رجليهم، اللي كيجريو، اللي راكبين على البيكالا، وأنواع النقل الأخرى اللي كتمشى على رجليها.,"wa7ed dderasa daruha f 2011 dyal Walk Score rttbu omaha raqm 21 f mdun lli tqder tmshi fiha 3la rjlik mn bin 50 mdina kbira f merikan. w kayen wa7ed system dyal tturqan twil bzzaf f l-mdina kamla dyal nnas lli kymshiw 3la rjlihom, lli kijyriw, lli rakbin 3la lbikala, w anwa3 n-na9l l2ukhra lli katmshi 3la rjliha.","A study conducted in 2011 by Walk Score ranked it 21st among the fifty largest cities in America where you can walk. There is also a very extensive system of pathways throughout the city for people who walk, jog, ride bicycles, and other forms of transportation that are pedestrian-friendly.",أجريت دراسة في عام 2011 من قبل Walk Score، حيث احتلت المرتبة 21 بين خمسين مدينة كبيرة في أمريكا يمكن السير فيها. وهناك أيضًا نظام واسع جدًا من المسارات في جميع أنحاء المدينة للأشخاص الذين يمشون، أو يجريون، أو يركبون الدراجات، وأنواع أخرى من وسائل النقل المناسبة للمشاة.,classe_C
WIKI_C_01494,C,"البونطو عجب بزاف الناس. مجلة ""الحياة فالبلاد"" مدحات التصميم وقالت كيعكس التصميم ديالو التقاليد ديال پالاديو فالقرن تمنطاش ديال الفيلا الشهيرة ديال اللورد بيرلينجتون فتشيزويك.","lbontu 3jb bzzaf nass. majallat ""el7ayat felblad"" med7at t-tassmim w qalet ki3kes ttassmim dyalo tta9alid dyal palladium fel9arn tmenttach dyal l-villa ch-chahira dyal l-lord burlington fchiswick.","The bonto has pleased many people. The magazine ""Life in the Country"" praised the design and stated that it reflects his design of Palladian traditions from the 18th century of the famous villa of Lord Burlington in Chiswick.","لقد نال البونطو إعجاب الكثير من الناس. وقد أشادت مجلة ""الحياة في البلاد"" بالتصميم وذكرت أنه يعكس تصميمه لتقاليد بالاديو من القرن الثامن عشر للفيلا الشهيرة للورد بيرلينجتون في تشيسويك.",classe_C
WIKI_C_00089,C,"المؤرخ الإسرائيلي عومر بارتوف، اللي كيكتب ف ""نيويورك تايمز بوك ريفيو""، حكم على ""صناعة المحرقة"" بأنها مضروبة بنفس الأغلاط اللي كيشجبها في اللي كيستغلوا المحرقة للربح ولا السياسة:","lmo3arekh l2isra2ili 3omar bartov, li kaykteb f ""new york times book review"", 7kem 3la ""sena3et lma7ra9a"" b2anaha maddroba bnafs l'aghlatt li kaychjebha f li kaystaghlu lma7ra9a lirreb7 wla s-siyasa:","The Israeli historian Omar Bartov, who writes for the ""New York Times Book Review,"" judged the ""manufacture of the Holocaust"" to be flawed by the same mistakes he condemns in those who exploit the Holocaust for profit or politics:","المؤرخ الإسرائيلي عومر بارتوف، الذي يكتب في ""نيويورك تايمز بوك ريفيو""، حكم على ""صناعة المحرقة"" بأنها مضروبة بنفس الأخطاء التي يدينها في الذين يستغلون المحرقة للربح أو السياسة:",classe_C
WIKI_C_03740,C,"تزلج بالزحافات على غرونلاند. واحد من داكشي ديال نوريجيين لي دارو رحلة ف 1888 – 89. أشيهوغ، كريستيانيا 1890. ترجمة ديالو هي ""ذي فيرست كروسينغ أوف غرينلاند""، 1892.","tzelj bzze7afat 3la gronland. wa7d men dakchi dyal noryijiyin li daro ri7la f 1888 – 89. Aschehoug, Kristiania 1890. tarjama dyalo hiya ""The First Crossing of Greenland"", 1892.","Sliding on skis in Greenland. One of those Norwegians who made the journey in 1888-89. Aschehoug, Kristiania 1890. Its translation is ""The First Crossing of Greenland"", 1892.","الانزلاق على الزلاجات في غرينلاند. أحد النرويجيين الذين قاموا بالرحلة في 1888-89. أشخهوج، كريستيانيا 1890. ترجمته هي ""أول عبور لغرينلاند""، 1892.",classe_C
WIKI_C_00152,C,ملي كان صغير جراح، س. إيفيريت كوب كان داخل مع واحد ليكيب ديال لبحث ف فاك ديال طب ف جامعة بنسلفانيا. عاود على تجربتو مع ناس لي كانو كيجربو عليهم سي بي إس:,"mlli kan sghir jrra7, C. Everett Koop kan dakhel m3a wa7d likip dyal lb7t f fac dyal ttib f jami3at pennsylvania. 3awd 3la tjerbtou m3a nass lli kanou kayjrebou 3lihom CPS:","When he was a young surgeon, C. Everett Koop was involved with a research team at the medical school at the University of Pennsylvania. He talked about his experience with the people who were testing CPS on them:",عندما كان جراحًا صغيرًا، كان سي إيفريت كوب مشاركًا في فريق بحث في كلية الطب بجامعة بنسلفانيا. تحدث عن تجربته مع الأشخاص الذين كانوا يجربون عليهم CPS:,classe_C
WIKI_D_10252,D,"جايڤ ريكوردز وصّات واحد الفيديو كليب ديال أغنية ""لوكي"" لي غادي يخرّجها دايف مايرز. على حساب جوسلين فينا ديال إم تي في، سبيرز كتلعب دور ديال ""واحد النجمة ديال السينما حزينة لي ماباغيا والو كتر من أنها تفوج شوية"".","jive records wssat wa7ed l-video clip dyal ughniyat ""Lucky"" li radi ykhrejha Dave Meyers. 3la 7sab Jocelyn Vena dyal MTV, Spears katel3eb dor dyal ""wa7ed star dyal cinema 7zina li mabaghya walou ktr man anaha tfawej chwiya"".","Jive Records has released a music video for the song ""Lucky"" that will be directed by Dave Meyers. According to Jocelyn Vena from MTV, Spears plays the role of ""a sad movie star who wants nothing more than to break free a little"".","أصدرت شركة جايڤ ريكوردز فيديو كليب لأغنية ""Lucky"" التي سيخرجها ديف مايرز. وفقًا لجوسلين فينا من إم تي في، تلعب سبيرز دور ""نجمة سينمائية حزينة لا تريد شيئًا أكثر من أن تتحرر قليلاً"".",classe_D
WIKI_D_03145,D,الغالبية ديال الماكلة كتوّجد فكل ريسطو. شي حالات خاصة بحال اللوبية والكارنيتاس، كيوّجدوهم فواحد الكوزينة مركزية فشيكاغو، إلينوي. تا ريسطو ما فيهومش فريكو، مايكرووند، ولا حلالات ديال الطون.,"l-ghalibya dyal l'makla kttawjad fkol resto. shi 7alat khassa b7al lubbya w lcarnitas, kaywjawdohom fwa7d lkuzina markazya fchicago, illinois. ta resto ma fihomsh frigo, microwond, wla 7lalat dyal Ton.","The majority of the food is prepared in every restaurant. Some special cases like the beans and carnitas are prepared in a central kitchen in Chicago, Illinois. No restaurant has a fridge, microwave, or tuna cans.",الغالبية العظمى من الطعام تُحضّر في كل مطعم. توجد بعض الحالات الخاصة مثل الفاصولياء والكارنيتاس، حيث تُحضّر في مطبخ مركزي في شيكاغو، إلينوي. لا يوجد في أي مطعم ثلاجة، أو ميكروويف، أو علب تونة.,classe_D
WIKI_D_06359,D,فالأصل، لينايوس وصف سلحفاة منقار صقر بحال تيستودو إمبريكاتا ف 1766، ف الطبعة 12 ديال سيستيما ناتوراي ديالو. ف 1843، عالم الحيوان نمساوي ليوبولد فيتزينغر حولها لجنس ديال إريتموشيليس. ف 1857، هاد التنوع كان مؤقتاً بحال إريتموشيليس إمبريكاتا سكواماتا.,"fel2asl, linayus wssef sse7lfah men2ar ssa2er b7al testudo imbricata f 1766, f ttab3a 12 dyal systema naturae dyalo. f 1843, 3alem l7ayawan nemsawi leopold fitzinger 7ewelha ljins dyal eretmochelys. f 1857, had tnew3 kan mo2a9atan b7al eretmochelys imbricata squamata.","Originally, Linnaeus described the turtle with a hawk's beak like Testudo imbricata in 1766, in the 12th edition of his Systema Naturae. In 1843, the Austrian zoologist Leopold Fitzinger transferred it to the genus Eretmochelys. In 1857, this species was temporarily classified as Eretmochelys imbricata squamata.",في الأصل، وصف لينيوس السلحفاة ذات منقار الصقر مثل Testudo imbricata في عام 1766، في الطبعة الثانية عشرة من نظام الطبيعة الخاص به. في عام 1843، قام عالم الحيوان النمساوي ليوبولد فيتزينجر بنقلها إلى جنس Eretmochelys. في عام 1857، تم تصنيف هذا النوع مؤقتاً كـ Eretmochelys imbricata squamata.,classe_D
WIKI_D_10581,D,"تلت تربع ديال كاع المعامل ديال الشراب اللي فالمقاطعة كاينين فالنورث كاونتي على طول ديك الطريق ديال 60 ميل (97 كيلومتر) ديال الطريق الوطنية 78 من أوشنسايد لجوليان، داكشي علاش هاد الطريق بعض المرات كيتسماوها ""طريق دالبيرة"".","tlet terba3 dyal ka3 lma3amel dyal cherab lli fel meqta3a kaynin fel north county 3la toul dik tri9 dyal 60 mil (97 kilometre) dyal tri9 wataniya 78 men oceanside l julian, dakchi 3lash had tri9 ba3d lmarrat kiytsmawha ""tri9 dyal lbira"".","Three quarters of all the beverage factories in the district are located in North County along that 60-mile (97-kilometer) stretch of National Route 78 from Oceanside to Julian, which is why this road is sometimes referred to as ""the Beer Road"".","ثلاثة أرباع جميع مصانع المشروبات في المنطقة تقع في مقاطعة الشمال على طول هذا الطريق الذي يمتد لمسافة 60 ميلاً (97 كيلومتراً) من الطريق الوطني 78 من أوشنسايد إلى جوليان، ولهذا السبب يُطلق على هذا الطريق أحياناً اسم ""طريق البيرة"".",classe_D
WIKI_D_08144,D,نورتون عندو بيرمي ديال طيار خاص و هضر على التدريب ديال الطيران ديالو فاش دارو معاه مقابلة فالحلقات ديال ليت شو مع ديفيد ليترمان و إنسايد ذا آكتورز ستوديو. واحدة من الطيارات الشخصيات ديالو كانت سيسنا 206 معدلة بزاف من طرف أي أو بي أي.,norton 3ndo permi dyal tayyar khass w hder 3la t-tredrib dyal t-tayran dyalo fach daro m3ah mo9abla f-l7ala9at dyal Late Show m3a David Letterman w Inside the Actor's Studio. w7da mn t-tayyarat shekhsyat dyalo kant Cessna 206 m3edla bzzaf mn taraf AOPA.,Norton has a private pilot's license and talked about his flight training when he was interviewed on the Late Show with David Letterman and Inside the Actor's Studio. One of his private jets was a heavily modified Cessna 206 by AOPA.,نورتون لديه رخصة طيار خاص وتحدث عن تدريبه على الطيران عندما أجرى مقابلة في حلقات برنامج Late Show مع ديفيد ليترمان و Inside the Actor's Studio. واحدة من طائراته الخاصة كانت Cessna 206 معدلة بشكل كبير من قبل AOPA.,classe_D
WIKI_D_04737,D,"كونسطانس رجعات للدار من الكوافّور لقات حفيدها مايكل قتل المربية ديالو. تبسّمات و قالت: ""دابا شنو غاندير بيك؟"" و مايكل كيبتسّم بفرح و هو كيتمرجح فالكُرسي الهزاز.","konstans rj3at ldar mn lkwafeur l9at 7fidha maykel qtel lmorbia dyalo. tbsmat w 9alt: ""daba shno ghadi ndir bik?"" w maykel kaybtasm b fara7 w howa kaytmrj7 f lkursi lhzaz.","Constance returned home from the hairdresser and found her grandson Michael had killed his nanny. She smiled and said, ""What am I going to do with you now?"" and Michael smiled happily while rocking in the rocking chair.","عادت كونستانس إلى المنزل من صالون التجميل ووجدت حفيدها مايكل قد قتل مربيته. ابتسمت وقالت: ""ماذا سأفعل بك الآن؟"" وكان مايكل يبتسم بسعادة وهو يتأرجح في الكرسي الهزاز.",classe_D
WIKI_D_09234,D,فريد اللي السمية ديالو بالأرقام ذهب – واحد الولد ديال الناير دخل للعسكر قبل آرثر بيوم، فريد كيعطيه معلومات وكيدعمو حتى الآخر ديال الكتاب، فين كيكون غبر، حيت شدو ناير.,"fared li smitou bil ar9am dahab - wa7d lweld dyal nayer dkhl l3askar 9bel arthur b yom, fared kay3tih ma3lomat w kayda3mou 7tta l l-a5ir dyal lktab, fin kaykoun ghaber, 7it chedou nayer.","Farid, whose name is in numbers, is a boy from Nayer who joined the army a day before Arthur. Farid provides him with information and supports him until the end of the book, where he is absent because they caught Nayer.",فريد، الذي يُدعى بالأرقام، هو ولد من نايِر انضم إلى الجيش قبل يوم من آرثر. يقدم له فريد معلومات ويدعمه حتى نهاية الكتاب، حيث يكون غائبًا لأنهم قبضوا على نايِر.,classe_D
WIKI_D_11297,D,شارل شجع على إنتاج واحد الكتاب ديال الترانيم باش يتطبعا ويتوزع على الكنائس، وواحد النسخة جديدة مطبوعة ديال الكتاب المقدس اللي تكملات ف 1703 وتسمات على سميت اللي خدا بلاصتو: الكتاب المقدس ديال شارل التاني عشر.,"charles shajje3 3la intaj wa7d lktab dyal tranim bash ytbe3 w ytwezza3 3la lkana2is, w wa7d nskha jdida mtebu3a dyal lktab lmuqadas li tkmlat f 1703 w tsemat 3la smit li khda blasto: lktab lmqddas dyal charles t-tany 3chr.","Charles encouraged the production of a hymn book to be printed and distributed to churches, and a new printed version of the Bible that was completed in 1703 and named after the one who took his place: the Bible of Charles the Twelfth.",شجع شارل على إنتاج كتاب للترانيم ليتم طبعه وتوزيعه على الكنائس، ونسخة جديدة مطبوعة من الكتاب المقدس التي اكتملت في 1703 وسميت على اسم الذي أخذ مكانه: الكتاب المقدس لشارل الثاني عشر.,classe_D
WIKI_D_03878,D,سيجيبيرت حكم لمملكة ديال إيست أنڭليا (بالإنجليزية القديمة: إنغلا)، واحد لمملكة صغيرة مستقلة أنڭلو-ساكسونية اللي كانت كاتشمل دابا لمقاطعات الإنجليزية ديال نورفولك وسوفولك ويمكن حتى الجزء الشرقي ديال مستنقعات كامبريدجشاير.,"sijibirt 7km l-mamlaka dyal ist angliya (bil-ingliziyya l-qdima: ingla), wa7d l-mamlaka sghira mstaqla anglo-saksoniya lli kanat katshml daba l-mqaTa3at l-ingliziya dyal norfolk w suffolk w ymkn 7tta l-juz2 sharqi dyal mustanqa3at kambridjshir.","East Anglia was a small independent Anglo-Saxon kingdom that included what is now the English counties of Norfolk and Suffolk, and possibly even the eastern part of the Cambridgeshire fens.",كانت مملكة إيست أنغليا مملكة صغيرة مستقلة من الأنغلو-ساكسون، والتي كانت تشمل الآن مقاطعات نورفولك وسوفولك، وربما حتى الجزء الشرقي من مستنقعات كامبريدجشير.,classe_D
WIKI_D_09715,D,كيفما كيقول ݣراهام روب فالسيرة الذاتية ديالو ديال 1994، لكلام ديال بلزاك كان تنبؤ صحيح لثورة 1848. المعارضة الشعبية للملكية تفجرت في فبراير ديال داك العام، لوي فيليب تفرض عليه يتنازل، والجمهورية الثانية تأسست.,"kifma kigoul graham robb f-sira d-datiya dyalo dyal 1994, lkalam dyal balzac kan tanabo2 sa7i7 li-thawrat 1848. l-mo3arada cha3biya lil malakiya tfejrat f februaire dyal dak l3am, louis philippe tefared 3lih yetnazel, w-l-jumhurya d-taniya te2asset.","As Graham Robb states in his 1994 biography, Balzac's words were a correct prediction of the 1848 revolution. The popular opposition to the monarchy erupted in February of that year, Louis Philippe was forced to abdicate, and the Second Republic was established.",كما يقول غراهام روب في سيرته الذاتية عام 1994، كانت كلمات بالزاك تنبؤًا صحيحًا لثورة 1848. انفجرت المعارضة الشعبية للملكية في فبراير من ذلك العام، وتم إجبار لويس فيليب على التنحي، وتأسست الجمهورية الثانية.,classe_D
WIKI_D_05503,D,كتعلّم التقلبات ديال المزاج. الواحد كيتعرف على الشراب (فشي ثقافات هادشي يقدر يوقع فواحد السن صغير نسبيا)، و كيعجبو داك الإحساس ديال الفرحة اللي كيعطي. فهاد المرحلة ما كاين تا شي تمن عاطفي.,"kat3lm t9lbt dyal lmzaj. lwa7d kyt3rf 3la shrab (fshi thaqafat hadshi y9dr yw9a3 fwa7d s-sin sghir nisbyan), w ky3jbu dak l2i7sas dyal lfer7a lli ki3ti. f had lmar7la ma kayn ta shi taman 3atifi.","One learns about mood swings. One gets to know about drinking (in some cultures this can happen at a relatively young age), and enjoys that feeling of happiness it gives. At this stage, there is no emotional price.",يتعلم الإنسان تقلبات المزاج. يتعرف على الشرب (في بعض الثقافات يمكن أن يحدث هذا في سن صغير نسبياً)، ويعجبه ذلك الإحساس بالسعادة الذي يمنحه. في هذه المرحلة، لا يوجد أي ثمن عاطفي.,classe_D
WIKI_D_12182,D,بشكل عام، النقاد مدحوا إف زيرو إكس على اللعب السريع ديالو، والكثرة ديال الحلبات والمركبات، والتصميم ديال المسارات، والمحافظة على معدل الإطارات العالي. ولكن، اللعبة تعرضت لانتقادات واسعة بسبب نقص التفاصيل الرسومية.,"bshkl 3am, n-nu9ad mdd7o F Zero X 3la l-la3b s-sari3 dyalo, w l kethra dyal l7albat w lmurkabat, w tssim dyal lmassarat, w lmo7afda 3la m3dal l2iTarat l3ali. Walakin, lu3ba t3rḍat l2inti9adat was3a bsbab na9s t-tafasil rusumiya.","Overall, critics praised F Zero X for its fast gameplay, the abundance of tracks and vehicles, the design of the courses, and maintaining a high frame rate. However, the game faced widespread criticism due to a lack of graphical detail.",بشكل عام، مدح النقاد لعبة F Zero X بسبب سرعتها، وكثرة الحلبات والمركبات، وتصميم المسارات، والمحافظة على معدل الإطارات العالي. ومع ذلك، تعرضت اللعبة لانتقادات واسعة بسبب نقص التفاصيل الرسومية.,classe_D
WIKI_D_00502,D,تأسسات الطريق 666 ف 1937 فنفس الخط ما بين زانيسفيل وقرب دريزدن فمقاطعة موسكينكوم، كيفما هو دابا. ما بين 1953 و 1955 الطريق تفرشات. الطريق مارات عليها حتى شي تغييرات كبيرة من ناحية المسار ديالها من 1955.,"t2asset Triq 666 f 1937 fnafz lkhT men bin zanesvil w qrib dresden fmaqata3t muskingum, kifma huwa daba. men bin 1953 w 1955 tr2iq trfset. tr2iq ma mart 3liha 7tta chi taghyirat kbira men na7it lmasar dyalha men 1955.","The road 666 was established in 1937 along the same route between Zanesville and near Dresden in Muskingum County, as it is now. Between 1953 and 1955, the road was paved. The road has not undergone any significant changes in its route since 1955.",تم إنشاء الطريق 666 في عام 1937 على نفس المسار بين زانيسفيل وقرب دريزدن في مقاطعة موسكينكوم، كما هو الآن. بين عامي 1953 و1955، تم تعبيد الطريق. لم يطرأ على الطريق أي تغييرات كبيرة في مساره منذ عام 1955.,classe_D
WIKI_D_07349,D,نهار 23 أبريل 2012، جوجل دارت واحد الدودل كتحتفل بالذكرى الثلاثين ديال سپكتروم. حيت تزامن مع عيد القديس جورج، اللوغو كان ديال القديس جورج كيتحارب مع تنين بأسلوب ديال واحد الشاشة ديال سپكتروم كتحمل.,"nhar 23 april 2012, google dart wa7d doodle katk7fl bizikra tal 30 dyal spectrum. 7it tzamen m3id lqdis george, logo kan dyal lqidis george kyt7arb m3a tinin b2uslub dyal wa7d chacha dyal spectrum kat7mel.","On April 23, 2012, Google created a doodle to celebrate the 30th anniversary of Spectrum. Since it coincided with St. George's Day, the logo depicted St. George fighting a dragon in the style of a Spectrum screen.",في 23 أبريل 2012، أنشأت جوجل شعارًا احتفاليًا بمناسبة الذكرى الثلاثين لسبكتروم. نظرًا لتزامنه مع عيد القديس جورج، كان الشعار يصور القديس جورج وهو يقاتل تنينًا بأسلوب شاشة سبكتروم.,classe_D
WIKI_D_05161,D,الحكومة الجورجية بدات مبادرة باش تنقص التهريب من أوسيتيا الجنوبية ف 2004 من بعد النجاح ديالها فاستعادة السيطرة ف المنطقة. السلطات ديال أوسيتيا الجنوبية زادت سخنات الأوضاع. وقع قتال قاسح بين القوات الجورجية والميليشيات ديال أوسيتيا الجنوبية بين 8 و 19 غشت.,l7ukoma ljorjiya bdat mubadara bach tn9es t-tahrib mn ossetia janubiya f 2004 mn b3d naj7 dialha f ist3adet saytara f lman6a9a. sulu6at dyal ossetia janubiya zadet s5nat l2awdda3. w9e3 qital 9ase7 bin l9wat j-jorjiya w lmilichiyat dyal ossetia l-janubiya bin 8 w 19 ghosht.,The Georgian government initiated a campaign to reduce smuggling from South Ossetia in 2004 after its success in regaining control of the region. The authorities of South Ossetia intensified the situation. Intense fighting occurred between Georgian forces and South Ossetian militias from August 8 to 19.,بدأت الحكومة الجورجية مبادرة للحد من التهريب من أوسيتيا الجنوبية في عام 2004 بعد نجاحها في استعادة السيطرة على المنطقة. زادت السلطات في أوسيتيا الجنوبية من حدة الأوضاع. وقعت معارك عنيفة بين القوات الجورجية وميليشيات أوسيتيا الجنوبية بين 8 و19 أغسطس.,classe_D
WIKI_D_04308,D,ف ظروف الرصد المثالية، تقدر تشوف لمحة ديال السديمية دايرة بالڭروپ ديال النجوم، و هادشي كيبان ف التصاور اللي كيتخادو بمدة طويلة. هاد السديم انعكاسي، و السبب ديالو هو الغبرة اللي كتعكس الضو الأزرق ديال النجوم السخونة و الشابة.,"f zhorouf d rrsd lmtalyah, qdr tsho lma7a dyal sdymiyah dayra b lgrop d njoom, w hadshi kyban f tsawer lli kitkhado b muda twila. had sdym in3ikasi, w s-sbab dyalo howa lghbra lli kat3ks ddo azraq dyal njom skhona w chaba.","In ideal observation conditions, you can see a glimpse of the nebula surrounded by a group of stars, and this appears in long-exposure photographs. This nebula is reflective, and its cause is the dust that reflects the blue light of the hot, young stars.",في ظروف الرصد المثالية، يمكنك رؤية لمحة من السديم المحيط بمجموعة من النجوم، ويظهر ذلك في الصور التي تُلتقط بتعريض طويل. هذا السديم انعكاسي، وسببه هو الغبار الذي يعكس الضوء الأزرق للنجوم الشابة والساخنة.,classe_D
WIKI_D_01361,D,دون ماروستيكا (تزاد ف 7 مارس 1948) منعش عقاري وبرلماني سابق ف ولاية كولورادو ف ميريكان، ودابا خدّام مدير ديال مكتب التنمية الاقتصادية والتجارة الدولية ديال الولاية.,"don marostica (tzad f 7 mars 1948) mune3sh 3qqari w barlamani sabiq f wilayat colorado f merikan, w daba khddam mudir dyal maktab t-tanmiya l-iqtisadiya w t-tijara ddawliya dyal l-wilaya.","Don Marostica (born on March 7, 1948) is a former real estate developer and politician in Colorado, USA, and is currently the director of the Office of Economic Development and International Trade of the state.",دون ماروستيكا (ولد في 7 مارس 1948) هو مطور عقاري وسياسي سابق في ولاية كولورادو في الولايات المتحدة، وهو حالياً مدير مكتب التنمية الاقتصادية والتجارة الدولية في الولاية.,classe_D
WIKI_D_00816,D,النجاح ديال الألعاب كان نقطة لصالح الهند باش تقدر تنظم شي حدث رياضي دولي كبير. ومن بعد، هاد النجاح تستعمل في الترشيح ديال ألعاب الكومنولث 2010، اللي في الآخر تعطات لديلهي.,"ennajah dial el al3ab kan noqta l salih l-hind bach tqdr tnzzhem chi 7adath riyadi dawli kbir. w men ba3d, had ennajah tst3mel f tarshih dial al3ab el commonwealth 2010, lli fel-akher t3tat l delhi.","The success of the games was a point in favor of India to be able to organize a major international sporting event. Afterwards, this success was used in the bid for the 2010 Commonwealth Games, which ultimately was awarded to Delhi.",كان نجاح الألعاب نقطة لصالح الهند لتنظيم حدث رياضي دولي كبير. بعد ذلك، تم استخدام هذا النجاح في الترشح لدورة ألعاب الكومنولث 2010، التي منحت في النهاية لمدينة دلهي.,classe_D
WIKI_D_07402,D,السبيطارات لكبار ديال وينيپيڭ كيشملو مركز العلوم الصحية، سبيطار كونكورديا، مركز دير لودج، سبيطار گريس، مركز ميزيريكورديا الصحي، مركز ريڤرڤيو الصحي، السبيطار العام سان بونيفاس، السبيطار العام سيڤن أوكس، السبيطار العام ڤيكتوريا، و سبيطار الدراري ديال وينيپيڭ.,"ssbitarat lkbar dyal winnipeg kishmlo markaz l3olom ssi7iya, sbitar concordia, markaz deer lodge, sbitar grace, markaz misericordia ssi7i, markaz riverview ssi7i, ssbitar l3am saint boniface, ssbitar l3am seven oaks, ssbitar l3am victoria, w sbitar drari dyal winnipeg.","The major hospitals in Winnipeg include the Health Sciences Centre, Concordia Hospital, Deer Lodge Centre, Grace Hospital, Misericordia Health Centre, Riverview Health Centre, St. Boniface General Hospital, Seven Oaks General Hospital, Victoria General Hospital, and the Children's Hospital of Winnipeg.",تشمل المستشفيات الكبرى في وينيبيغ مركز العلوم الصحية، مستشفى كونكورديا، مركز دير لودج، مستشفى غريس، مركز ميزيريكورديا الصحي، مركز ريفرفيو الصحي، مستشفى سان بونيفاس العام، مستشفى سيڤن أوكس العام، مستشفى فيكتوريا العام، ومستشفى الأطفال في وينيبيغ.,classe_D
WIKI_D_01971,D,نهار 25 غشت 2011، ولاو أول فرقة إيرلاندية تأهلات لمرحلة المجموعات ديال الدوري الأوروبي ديال الويفا فاش غلبو پارتيزان بلغراد ب 2-1 مور الوقت الضايع ف صربيا، و ربحو ب مجموع 3-2.,"nhar 25 ghusht 2011, wlaw awal ferqa irlandiya t2ahelet l-mer7let lmajmu3at dyal ddawri l2urubi dyal lwefa fash ghelbu partizan belgrade b 2-1 mur lweqt ddaye3 f sserbiya, w rbe7u b mjmu3 3-2.","On August 25, 2011, the first Irish team qualified for the UEFA Europa League group stage after defeating Partizan Belgrade 2-1 in extra time in Serbia, winning with a total of 3-2.",في 25 أغسطس 2011، تأهلت أول فرقة إيرلندية إلى مرحلة المجموعات من الدوري الأوروبي بعد فوزها على بارتيزان بلغراد 2-1 في الوقت الإضافي في صربيا، لتفوز بمجموع 3-2.,classe_D
